Hidden	Time
4	28.088430166244507
8	27.933966875076294
12	30.118492603302002
16	36.128567695617676
20	36.20845031738281
50	59.628814458847046
